IDpol,ClaimAmount,Region,VehBrand,VehPower,VehAge,DrivAge,BonusMalus,Area,VehGas
1120377,4075400.56,Centre,B2,9,13,19,100,B,Regular
110846,1403057.4,Centre,B1,6,13,20,100,C,Regular
2141337,1301172.6,Rhone-Alpes,B2,4,14,18,100,D,Regular
3122016,774411.5,Rhone-Alpes,B11,7,7,40,63,E,Diesel
2008127,390742.27,Rhone-Alpes,B4,4,2,57,50,D,Regular
3025890,369131.88,Champagne-Ardenne,B12,7,1,36,50,A,Diesel
1117644,307096.42,Bretagne,B3,7,1,21,90,C,Diesel
158309,301635.49,Centre,B1,6,3,46,50,A,Diesel
3075820,287423.0,Provence-Alpes-Cotes-D'Azur,B10,7,18,78,50,E,Regular
3150210,281897.49,Centre,B3,6,4,61,54,D,Diesel
4169019,276643.0,Rhone-Alpes,B4,4,14,27,100,E,Diesel
1096763,255013.03,Centre,B2,4,12,27,90,C,Regular
2206511,241171.16,Centre,B2,7,5,31,51,B,Diesel
4159792,211204.0,Centre,B1,5,9,72,50,C,Diesel
3103319,209695.87,Centre,B2,6,10,61,50,A,Diesel
3059946,208472.6,Lorraine,B2,6,17,73,50,D,Regular
1067220,205432.05,Provence-Alpes-Cotes-D'Azur,B2,10,14,83,50,C,Regular
2070262,205132.0,Centre,B1,4,13,21,140,A,Diesel
2202813,203172.0,Picardie,B1,6,7,26,68,D,Diesel
5033465,200885.0,Corse,B12,10,2,33,80,D,Regular
3196736,186584.15,Centre,B1,4,13,33,72,A,Regular
53865,183073.66,Ile-de-France,B2,6,1,23,80,E,Regular
2096700,182878.18,Rhone-Alpes,B3,10,2,72,55,D,Diesel
3172846,182500.0,Centre,B2,10,21,38,72,A,Diesel
3083780,182050.0,Rhone-Alpes,B2,7,15,21,100,E,Diesel
4138268,181204.0,Bretagne,B2,5,6,70,50,A,Regular
105098,152333.22,Provence-Alpes-Cotes-D'Azur,B11,14,12,35,64,E,Regular
1107370,152084.96,Centre,B3,4,15,26,85,A,Diesel
4073213,139477.15,Provence-Alpes-Cotes-D'Azur,B12,7,3,54,52,D,Diesel
154968,137169.81,Centre,B2,7,10,72,50,A,Diesel
1043258,132628.12,Centre,B1,6,8,39,106,D,Regular
2209888,128902.06,Bretagne,B13,6,7,35,71,D,Diesel
5068147,125847.05,Ile-de-France,B12,4,6,23,100,E,Regular
1017853,121959.21,Basse-Normandie,B12,6,11,51,50,C,Diesel
2226904,120000.0,Languedoc-Roussillon,B12,7,3,67,72,C,Regular
4167474,118000.0,Rhone-Alpes,B3,9,14,20,100,C,Regular
30738,116318.9,Bretagne,B13,11,11,37,50,C,Regular
2125576,115484.11,Centre,B1,7,10,49,50,C,Regular
28509,115232.88,Centre,B1,8,9,76,50,A,Diesel
3041107,114759.95,Ile-de-France,B3,6,15,39,100,F,Regular
2205491,109743.72,Rhone-Alpes,B3,12,6,40,76,D,Regular
5041230,99260.24,Rhone-Alpes,B12,6,2,77,60,E,Regular
43832,96422.32,Centre,B5,5,4,75,50,C,Regular
2101212,92149.0,Centre,B11,7,7,52,71,D,Diesel
4176317,89480.64,Centre,B1,7,16,60,50,A,Regular
2009256,86729.6,Centre,B12,6,1,58,50,A,Regular
3068252,86719.2,Ile-de-France,B1,6,11,41,85,C,Regular
5055089,85552.27,Aquitaine,B12,7,5,33,57,D,Diesel
175126,85442.21,Centre,B2,7,16,34,90,C,Regular
3097066,78104.83,Provence-Alpes-Cotes-D'Azur,B1,4,4,47,50,E,Regular
3234374,75000.0,Provence-Alpes-Cotes-D'Azur,B13,6,8,41,76,E,Diesel
109729,74966.23,Bretagne,B4,7,12,41,50,A,Regular
85926,74784.9,Provence-Alpes-Cotes-D'Azur,B2,6,5,24,95,C,Diesel
4001936,73831.86,Aquitaine,B12,6,1,48,50,C,Regular
77327,73002.7,Nord-Pas-de-Calais,B4,6,0,48,50,D,Diesel
125903,71791.29,Centre,B2,5,0,32,62,E,Diesel
3150345,71339.92,Centre,B4,7,12,38,106,D,Regular
63532,70208.0,Provence-Alpes-Cotes-D'Azur,B1,6,12,47,50,E,Diesel
2208742,70000.0,Bretagne,B5,5,10,57,50,C,Diesel
2166361,70000.0,Centre,B1,4,4,31,72,C,Regular
17711,69348.0,Bretagne,B2,6,5,50,50,A,Diesel
160298,69317.47,Centre,B4,7,1,52,50,A,Diesel
1188708,68700.0,Provence-Alpes-Cotes-D'Azur,B5,8,17,66,76,E,Regular
5042180,68361.0,Aquitaine,B11,9,8,47,50,D,Regular
2200340,68088.66,Basse-Normandie,B4,7,2,64,50,E,Regular
2081784,67986.88,Poitou-Charentes,B1,5,7,40,50,A,Regular
18916,66458.9,Centre,B11,10,7,49,50,B,Regular
1122179,66423.85,Aquitaine,B2,5,1,23,76,E,Diesel
3049203,65181.79,Pays-de-la-Loire,B2,5,17,52,55,E,Regular
3105789,65100.0,Centre,B2,6,9,52,50,A,Diesel
148604,64047.64,Ile-de-France,B1,6,5,38,76,D,Diesel
1057872,63497.87,Bretagne,B3,7,6,21,90,C,Regular
2211587,62400.0,Pays-de-la-Loire,B1,4,13,53,50,A,Diesel
4037514,61469.0,Ile-de-France,B12,8,1,71,50,E,Regular
4146144,61204.0,Centre,B2,6,5,28,76,D,Diesel
1080933,58711.0,Lorraine,B5,6,2,32,57,D,Diesel
2166718,56219.6,Centre,B11,8,17,18,100,A,Regular
3186271,55152.45,Languedoc-Roussillon,B10,12,7,36,75,C,Diesel
2225771,55000.0,Provence-Alpes-Cotes-D'Azur,B2,5,1,52,50,D,Diesel
4020812,54942.62,Ile-de-France,B12,8,2,53,52,F,Diesel
2122292,54551.92,Centre,B2,5,3,74,112,B,Regular
2139940,54400.12,Bourgogne,B2,4,11,31,95,E,Regular
2145625,52349.76,Centre,B1,7,1,20,100,B,Regular
1163542,51857.75,Centre,B1,6,10,28,112,E,Diesel
157880,51826.55,Centre,B2,6,7,77,85,E,Regular
4181821,51204.0,Rhone-Alpes,B2,7,10,28,100,D,Diesel
2088184,50880.0,Provence-Alpes-Cotes-D'Azur,B6,4,12,36,51,E,Regular
3185572,50842.78,Pays-de-la-Loire,B1,4,7,34,76,C,Regular
5014750,50000.0,Provence-Alpes-Cotes-D'Azur,B12,5,5,54,50,D,Regular
2129111,50000.0,Nord-Pas-de-Calais,B2,6,8,56,62,E,Diesel
5060194,49420.0,Provence-Alpes-Cotes-D'Azur,B12,7,1,53,51,D,Diesel
2197215,48735.0,Basse-Normandie,B10,13,2,42,50,A,Regular
3164064,46105.94,Centre,B3,6,15,32,54,B,Regular
129733,45734.7,Centre,B1,7,3,59,50,B,Regular
1189505,45000.0,Provence-Alpes-Cotes-D'Azur,B3,12,7,50,50,D,Regular
1024506,44927.41,Centre,B1,6,12,35,50,C,Diesel
1040527,43963.58,Rhone-Alpes,B2,6,6,53,50,D,Diesel
4141918,43858.91,Ile-de-France,B1,11,16,63,50,D,Regular
1126444,43808.54,Basse-Normandie,B11,13,3,50,50,E,Regular
40625,43742.04,Rhone-Alpes,B1,6,15,42,50,D,Diesel
3063354,43160.0,Centre,B1,6,5,54,50,D,Diesel
1034084,42829.24,Poitou-Charentes,B1,7,3,33,50,C,Regular
2083188,42542.89,Rhone-Alpes,B1,6,10,47,50,E,Diesel
4135354,42450.0,Centre,B2,6,15,57,50,D,Diesel
2191680,42057.71,Centre,B2,5,2,72,50,B,Diesel
1013313,41689.45,Provence-Alpes-Cotes-D'Azur,B12,8,0,29,95,E,Regular
78656,41614.72,Bretagne,B2,5,0,19,100,D,Diesel
4164838,41204.0,Centre,B1,7,18,26,100,E,Regular
4128179,41204.0,Pays-de-la-Loire,B1,6,10,40,50,C,Diesel
159193,40408.12,Basse-Normandie,B14,7,8,50,50,A,Diesel
2261431,40000.0,Languedoc-Roussillon,B1,5,4,20,100,B,Diesel
76323,40000.0,Rhone-Alpes,B1,6,4,24,118,C,Diesel
2077200,39850.0,Rhone-Alpes,B6,4,15,54,55,D,Regular
3043122,39739.35,Provence-Alpes-Cotes-D'Azur,B1,10,8,28,90,C,Regular
4186822,39660.0,Centre,B5,9,3,81,62,B,Regular
3145341,39204.0,Poitou-Charentes,B1,6,13,76,50,C,Diesel
2080575,39172.64,Centre,B2,5,10,40,60,A,Regular
84109,39071.07,Pays-de-la-Loire,B3,7,13,22,156,B,Regular
3086880,37622.0,Bretagne,B4,5,11,44,50,B,Diesel
3161740,37547.19,Bourgogne,B2,5,5,51,58,A,Regular
1089943,36337.24,Pays-de-la-Loire,B3,7,9,18,100,C,Regular
4141223,36204.0,Bourgogne,B1,6,7,41,147,D,Diesel
3124522,35831.0,Rhone-Alpes,B5,6,14,44,112,E,Regular
1094460,35705.32,Rhone-Alpes,B5,10,5,37,56,E,Regular
35452,35600.44,Rhone-Alpes,B2,4,2,55,50,D,Diesel
1098349,35326.79,Centre,B1,7,10,35,68,A,Regular
4039840,35193.25,Limousin,B12,7,2,43,54,A,Diesel
53924,35098.33,Centre,B5,7,9,42,50,B,Regular
164137,35063.27,Centre,B3,6,1,51,50,B,Diesel
2140037,35000.0,Rhone-Alpes,B1,6,12,50,100,C,Diesel
1015119,34882.23,Pays-de-la-Loire,B12,6,0,33,54,B,Regular
148193,34819.25,Centre,B1,6,2,44,50,A,Diesel
1055715,34463.16,Rhone-Alpes,B12,7,7,52,50,E,Regular
1064710,34062.25,Rhone-Alpes,B2,5,12,54,62,B,Diesel
5020318,33620.84,Provence-Alpes-Cotes-D'Azur,B1,7,4,32,72,B,Diesel
4008268,33441.0,Provence-Alpes-Cotes-D'Azur,B12,6,4,73,50,E,Regular
3080768,33204.0,Pays-de-la-Loire,B1,9,5,54,56,C,Diesel
2190207,33059.73,Bretagne,B3,7,8,56,50,C,Diesel
3208153,32288.28,Bretagne,B2,5,3,29,90,D,Diesel
3095666,32155.81,Rhone-Alpes,B1,6,9,61,58,D,Diesel
5319,31632.81,Ile-de-France,B12,11,0,45,50,D,Diesel
170437,31617.92,Centre,B2,10,4,66,50,C,Regular
4036493,31430.49,Rhone-Alpes,B12,7,1,36,50,C,Diesel
4058794,31232.0,Ile-de-France,B12,8,0,38,60,D,Diesel
4163678,31204.0,Centre,B1,5,12,30,100,D,Diesel
2122609,31172.0,Centre,B2,10,13,65,62,D,Diesel
178029,30947.15,Provence-Alpes-Cotes-D'Azur,B5,5,2,27,80,E,Regular
19883,30829.41,Centre,B2,6,2,50,68,A,Diesel
86402,30489.8,Provence-Alpes-Cotes-D'Azur,B6,9,1,19,95,D,Regular
3073240,30167.28,Pays-de-la-Loire,B1,6,7,67,50,C,Diesel
2084819,30000.0,Bretagne,B1,9,6,37,50,B,Regular
2266630,30000.0,Provence-Alpes-Cotes-D'Azur,B2,4,0,43,54,E,Diesel
3254084,30000.0,Languedoc-Roussillon,B1,4,13,53,50,D,Regular
3045337,29126.58,Rhone-Alpes,B12,4,0,29,51,E,Diesel
2135748,29073.46,Centre,B2,7,14,19,100,C,Regular
1177322,28614.67,Bretagne,B1,5,12,46,95,D,Regular
5006873,27522.0,Ile-de-France,B2,4,4,28,95,E,Regular
3138311,27504.0,Centre,B5,7,2,29,93,D,Diesel
4159364,27204.0,Rhone-Alpes,B5,5,10,55,80,E,Diesel
2234608,27000.0,Languedoc-Roussillon,B1,4,12,52,50,D,Regular
2211584,26672.0,Centre,B2,6,4,50,50,C,Diesel
25040,26665.92,Centre,B6,6,13,33,80,B,Regular
2270955,26653.54,Provence-Alpes-Cotes-D'Azur,B10,8,6,64,62,B,Diesel
1083202,26575.01,Provence-Alpes-Cotes-D'Azur,B1,9,10,48,50,E,Regular
5049809,26526.3,Pays-de-la-Loire,B12,4,1,26,100,E,Diesel
3055490,26498.79,Bretagne,B1,5,12,49,59,B,Regular
4172127,26356.45,Centre,B1,7,7,78,50,B,Regular
4131242,26176.55,Centre,B12,9,4,44,50,A,Diesel
59107,26099.27,Bretagne,B6,4,1,48,90,E,Regular
5095663,25840.0,Ile-de-France,B12,4,0,57,50,F,Regular
1105282,25711.41,Provence-Alpes-Cotes-D'Azur,B5,6,7,27,75,D,Diesel
2116919,25520.3,Ile-de-France,B2,4,8,33,72,E,Regular
165930,25471.5,Rhone-Alpes,B10,7,2,27,76,E,Diesel
1115121,25298.32,Basse-Normandie,B1,7,4,28,50,C,Regular
71595,25152.45,Nord-Pas-de-Calais,B2,6,1,48,55,C,Diesel
2152579,25110.0,Centre,B1,7,20,52,100,A,Regular
18179,25074.81,Centre,B1,4,11,79,50,A,Regular
4133510,25000.0,Languedoc-Roussillon,B5,5,5,53,52,C,Diesel
2274545,24441.66,Nord-Pas-de-Calais,B13,14,5,41,76,C,Regular
4153530,24285.0,Nord-Pas-de-Calais,B3,7,12,19,100,C,Regular
2209259,24172.0,Centre,B5,7,11,56,50,A,Regular
72012,24031.68,Centre,B1,7,13,21,90,D,Regular
4180368,24000.0,Rhone-Alpes,B12,11,0,63,53,C,Regular
2147286,23468.3,Centre,B3,9,16,20,100,C,Regular
1196460,23227.9,Provence-Alpes-Cotes-D'Azur,B5,10,0,47,50,C,Regular
2105700,23075.88,Provence-Alpes-Cotes-D'Azur,B2,6,14,44,50,E,Regular
1047629,23043.74,Rhone-Alpes,B2,8,5,25,57,E,Diesel
142366,23042.28,Franche-Comte,B1,7,11,74,71,A,Regular
2277762,23000.0,Languedoc-Roussillon,B1,4,12,52,50,D,Regular
4122619,22600.0,Rhone-Alpes,B1,6,9,43,54,E,Regular
1012500,22567.21,Rhone-Alpes,B12,7,0,40,57,D,Diesel
89657,22526.81,Midi-Pyrenees,B1,6,1,76,50,C,Diesel
6100323,22440.0,Ile-de-France,B12,10,1,60,55,D,Regular
2268680,22343.05,Provence-Alpes-Cotes-D'Azur,B10,10,2,52,50,D,Regular
6111084,22070.0,Provence-Alpes-Cotes-D'Azur,B12,8,0,62,56,A,Diesel
5073560,22000.0,Rhone-Alpes,B12,5,4,79,54,B,Regular
5071958,22000.0,Ile-de-France,B12,4,3,35,50,E,Regular
5078917,22000.0,Centre,B12,4,0,21,90,E,Diesel
1191183,22000.0,Ile-de-France,B6,14,12,32,64,F,Regular
3167623,21876.59,Rhone-Alpes,B6,6,4,32,56,E,Diesel
3151785,21594.95,Nord-Pas-de-Calais,B3,6,12,38,50,D,Diesel
1143384,21494.43,Pays-de-la-Loire,B2,5,12,30,106,D,Diesel
101105,21477.44,Picardie,B5,5,8,19,100,C,Regular
4184024,21204.0,Bourgogne,B2,6,9,54,50,C,Diesel
3020798,21127.57,Corse,B12,4,2,70,97,B,Regular
3167082,21000.0,Provence-Alpes-Cotes-D'Azur,B5,5,0,46,62,C,Regular
89541,20927.43,Aquitaine,B6,5,2,39,50,E,Diesel
5047624,20718.0,Bourgogne,B6,7,6,24,76,A,Regular
93944,20640.73,Provence-Alpes-Cotes-D'Azur,B5,4,16,51,50,C,Regular
2064176,20602.99,Centre,B3,5,13,45,50,A,Diesel
3056959,20345.81,Poitou-Charentes,B12,8,5,44,58,B,Diesel
2002243,20202.97,Languedoc-Roussillon,B12,9,3,33,50,D,Regular
4156737,20150.43,Haute-Normandie,B12,12,8,45,50,E,Diesel
2056623,20135.0,Centre,B2,7,16,47,77,D,Regular
1172893,20034.96,Pays-de-la-Loire,B1,7,6,83,50,C,Regular
3058418,20000.0,Rhone-Alpes,B1,9,16,38,72,C,Regular
4170323,20000.0,Rhone-Alpes,B11,7,14,19,100,C,Diesel
2284588,20000.0,Languedoc-Roussillon,B2,6,4,33,62,C,Regular
1181678,20000.0,Provence-Alpes-Cotes-D'Azur,B2,7,15,33,64,E,Regular
2266429,20000.0,Provence-Alpes-Cotes-D'Azur,B2,4,12,39,57,E,Regular
1190233,20000.0,Provence-Alpes-Cotes-D'Azur,B11,11,7,42,50,E,Regular
4046192,19976.0,Ile-de-France,B12,6,4,72,50,E,Regular
76662,19883.77,Poitou-Charentes,B1,5,5,43,100,B,Diesel
1192667,19836.99,Ile-de-France,B1,7,6,56,58,E,Diesel
3086482,19811.6,Centre,B6,8,4,41,50,C,Diesel
149211,19791.01,Pays-de-la-Loire,B1,6,9,41,50,D,Diesel
2209220,19350.0,Lorraine,B2,4,14,46,73,D,Diesel
2083404,19281.82,Poitou-Charentes,B2,5,4,24,125,D,Diesel
2094193,19122.04,Rhone-Alpes,B2,7,15,40,70,B,Regular
3045922,19071.38,Centre,B2,6,2,75,50,A,Diesel
1077761,19056.13,Nord-Pas-de-Calais,B10,8,1,45,50,E,Diesel
4074168,19042.19,Provence-Alpes-Cotes-D'Azur,B12,8,2,33,60,A,Diesel
4006130,18999.75,Picardie,B12,6,7,49,50,E,Regular
1117351,18900.0,Centre,B2,6,14,19,90,A,Diesel
88976,18871.73,Provence-Alpes-Cotes-D'Azur,B1,9,9,40,85,C,Regular
3179321,18825.38,Pays-de-la-Loire,B2,4,4,58,50,D,Regular
1147161,18806.7,Centre,B1,7,14,53,100,C,Regular
1074874,18753.6,Lorraine,B2,6,4,41,50,B,Diesel
2137413,18551.12,Rhone-Alpes,B10,11,7,34,76,E,Diesel
4049217,18536.3,Rhone-Alpes,B12,7,2,69,50,E,Diesel
2277113,18530.0,Languedoc-Roussillon,B6,9,1,52,50,C,Diesel
2119842,18177.27,Pays-de-la-Loire,B3,5,6,27,95,D,Diesel
1014639,18043.06,Ile-de-France,B12,7,0,41,50,E,Regular
2231602,18000.0,Rhone-Alpes,B11,4,7,36,76,E,Diesel
2140370,18000.0,Provence-Alpes-Cotes-D'Azur,B3,7,1,41,50,E,Diesel
3107959,17973.55,Poitou-Charentes,B2,7,1,21,90,C,Regular
61012,17937.57,Lorraine,B2,7,11,29,95,D,Regular
3131368,17774.0,Rhone-Alpes,B1,5,4,22,95,E,Diesel
4055372,17616.93,Languedoc-Roussillon,B12,7,0,28,76,E,Diesel
2077809,17480.45,Provence-Alpes-Cotes-D'Azur,B3,5,4,54,51,D,Diesel
5075009,17378.0,Ile-de-France,B12,4,3,43,60,E,Regular
49189,17319.76,Pays-de-la-Loire,B2,7,3,53,50,E,Diesel
127859,17263.73,Centre,B1,5,8,80,50,B,Regular
3093759,17232.93,Basse-Normandie,B2,6,8,28,60,A,Diesel
3181926,17204.0,Bretagne,B6,4,4,78,50,C,Regular
3129120,17169.88,Nord-Pas-de-Calais,B6,4,4,47,50,E,Regular
3172695,17114.2,Centre,B1,4,13,22,156,D,Regular
1098172,17073.31,Centre,B3,4,1,22,80,E,Diesel
2146529,17021.95,Provence-Alpes-Cotes-D'Azur,B14,4,0,46,90,E,Regular
108832,17018.45,Centre,B1,6,7,30,75,A,Diesel
2255842,17000.0,Languedoc-Roussillon,B1,6,9,21,90,C,Diesel
1120355,16945.63,Centre,B1,4,9,51,59,B,Diesel
2098598,16798.5,Pays-de-la-Loire,B2,7,15,52,58,E,Diesel
2203334,16785.88,Pays-de-la-Loire,B1,7,9,56,112,E,Regular
100135,16510.22,Rhone-Alpes,B1,8,13,38,58,C,Diesel
1106093,16373.02,Haute-Normandie,B6,6,5,46,50,C,Diesel
2159698,16364.0,Provence-Alpes-Cotes-D'Azur,B5,6,16,18,100,E,Regular
148157,16354.69,Centre,B1,8,9,52,50,B,Diesel
88914,16344.79,Provence-Alpes-Cotes-D'Azur,B1,4,9,60,50,E,Regular
1019732,16334.36,Centre,B3,12,13,46,62,A,Regular
5036556,16310.0,Rhone-Alpes,B12,4,2,41,50,C,Regular
2084830,16288.25,Bretagne,B3,6,7,20,125,A,Diesel
1093960,16260.67,Provence-Alpes-Cotes-D'Azur,B6,6,12,69,62,E,Regular
3175380,16204.0,Rhone-Alpes,B2,4,11,21,100,D,Regular
4045868,16129.91,Ile-de-France,B5,8,5,46,64,D,Regular
2101764,16113.0,Aquitaine,B10,7,5,54,50,E,Diesel
61341,15948.14,Lorraine,B2,5,10,22,118,D,Regular
3047541,15928.75,Centre,B12,10,9,68,62,A,Diesel
48742,15867.74,Bretagne,B12,7,13,41,50,C,Regular
6071391,15852.0,Poitou-Charentes,B12,10,15,25,72,C,Diesel
1152016,15768.64,Pays-de-la-Loire,B10,5,1,81,50,C,Diesel
2147667,15756.39,Centre,B10,7,3,38,50,E,Diesel
4148326,15607.96,Centre,B2,7,18,55,50,B,Diesel
4073213,15600.0,Provence-Alpes-Cotes-D'Azur,B12,7,3,54,52,D,Diesel
6059346,15497.69,Languedoc-Roussillon,B12,11,4,55,50,C,Diesel
5034866,15484.0,Corse,B12,7,2,48,50,D,Diesel
6107997,15435.0,Provence-Alpes-Cotes-D'Azur,B12,4,1,54,53,C,Diesel
31134,15316.87,Poitou-Charentes,B5,12,7,33,60,D,Regular
3028761,15316.14,Ile-de-France,B12,5,1,43,76,B,Regular
1094245,15244.9,Nord-Pas-de-Calais,B6,4,8,52,67,D,Regular
2114361,15205.0,Bretagne,B5,5,7,33,76,D,Diesel
4013136,15174.47,Languedoc-Roussillon,B12,4,1,48,50,D,Regular
3085262,15162.44,Rhone-Alpes,B1,6,12,25,76,D,Diesel
4007562,15139.64,Aquitaine,B12,5,6,75,50,B,Regular
3204389,15082.05,Bretagne,B4,7,9,33,85,B,Regular
168995,15059.45,Centre,B2,4,3,74,50,E,Regular
83192,15012.65,Provence-Alpes-Cotes-D'Azur,B2,8,16,43,50,C,Regular
2004764,15012.38,Aquitaine,B12,7,2,59,50,E,Regular
2214266,15000.0,Languedoc-Roussillon,B11,13,14,35,90,D,Regular
2095829,15000.0,Rhone-Alpes,B1,5,4,47,56,D,Diesel
3168941,15000.0,Pays-de-la-Loire,B5,5,1,38,106,E,Regular
3166588,15000.0,Centre,B2,4,1,61,65,A,Regular
2277399,15000.0,Centre,B1,6,4,27,85,E,Diesel
2216077,15000.0,Provence-Alpes-Cotes-D'Azur,B2,4,13,43,95,C,Regular
1188962,15000.0,Provence-Alpes-Cotes-D'Azur,B2,7,14,63,90,E,Diesel
1179717,15000.0,Provence-Alpes-Cotes-D'Azur,B3,6,8,70,57,D,Diesel
1109466,14960.97,Centre,B2,6,7,44,62,C,Diesel
2215983,14928.0,Provence-Alpes-Cotes-D'Azur,B1,7,0,27,70,E,Regular
1019646,14879.09,Centre,B2,7,0,43,56,A,Diesel
1161295,14871.57,Ile-de-France,B1,5,6,36,90,F,Regular
3060574,14854.44,Centre,B2,7,3,20,118,C,Regular
6008602,14850.0,Provence-Alpes-Cotes-D'Azur,B1,7,6,63,50,B,Diesel
97336,14848.54,Bretagne,B10,10,19,49,50,C,Diesel
1095305,14776.37,Rhone-Alpes,B3,6,9,37,51,E,Diesel
1002484,14758.09,Languedoc-Roussillon,B12,6,1,70,50,D,Regular
2115831,14572.0,Centre,B3,6,8,38,50,C,Diesel
4159388,14500.0,Centre,B2,7,6,47,50,C,Diesel
3146383,14464.0,Provence-Alpes-Cotes-D'Azur,B5,6,9,40,62,D,Regular
2054143,14291.82,Centre,B5,6,14,23,95,C,Regular
3155472,14233.35,Provence-Alpes-Cotes-D'Azur,B2,6,8,45,63,C,Diesel
3155915,14204.0,Centre,B6,6,13,24,95,A,Diesel
2114441,14088.9,Provence-Alpes-Cotes-D'Azur,B3,6,7,19,100,E,Regular
3207357,14064.0,Rhone-Alpes,B5,5,12,30,67,E,Diesel
3183327,14000.0,Bretagne,B4,6,5,54,50,D,Regular
6033955,13872.0,Lorraine,B4,5,7,29,72,D,Diesel
3025890,13823.26,Champagne-Ardenne,B12,7,1,36,50,A,Diesel
3153655,13813.58,Centre,B2,5,1,73,50,D,Diesel
57657,13809.51,Bretagne,B1,6,6,57,50,C,Diesel
85907,13802.32,Pays-de-la-Loire,B6,6,5,24,95,E,Diesel
2128522,13798.54,Bretagne,B12,11,1,54,62,B,Diesel
110342,13738.86,Pays-de-la-Loire,B2,6,12,33,95,B,Regular
4024498,13684.7,Aquitaine,B12,11,2,54,50,E,Diesel
3172585,13658.94,Centre,B2,6,5,19,100,D,Regular
2093134,13563.7,Poitou-Charentes,B2,5,3,65,50,C,Diesel
1099591,13518.75,Nord-Pas-de-Calais,B5,7,13,35,76,C,Diesel
1027903,13501.72,Centre,B1,6,9,29,72,C,Diesel
3166551,13500.0,Centre,B3,9,8,31,106,C,Regular
2285688,13455.02,Rhone-Alpes,B2,5,1,30,76,A,Diesel
1152198,13424.89,Pays-de-la-Loire,B2,4,9,55,58,B,Diesel
2063712,13343.04,Centre,B3,11,7,48,50,D,Regular
5090361,13323.0,Ile-de-France,B12,12,0,49,57,E,Diesel
1113118,13321.68,Bretagne,B1,6,8,29,95,C,Regular
2046522,13293.38,Centre,B2,7,10,49,50,A,Diesel
4161878,13280.45,Poitou-Charentes,B10,10,0,56,50,D,Diesel
3131225,13247.76,Rhone-Alpes,B1,7,3,34,54,D,Regular
1099563,13236.68,Nord-Pas-de-Calais,B2,7,4,48,55,B,Diesel
1137564,13091.81,Centre,B2,9,1,48,50,C,Regular
102086,12974.9,Aquitaine,B1,8,10,25,68,C,Diesel
2130403,12965.9,Provence-Alpes-Cotes-D'Azur,B3,7,3,78,62,E,Regular
1103773,12957.3,Provence-Alpes-Cotes-D'Azur,B4,6,0,40,63,D,Regular
154238,12938.87,Centre,B1,7,2,73,50,A,Regular
5021636,12905.0,Languedoc-Roussillon,B12,6,3,73,50,B,Diesel
6107631,12881.58,Ile-de-France,B6,6,8,20,100,E,Diesel
82035,12820.18,Provence-Alpes-Cotes-D'Azur,B4,7,13,77,71,E,Regular
109765,12782.99,Bretagne,B2,5,10,32,80,B,Regular
3172695,12748.5,Centre,B1,4,13,22,156,D,Regular
2023276,12738.49,Ile-de-France,B12,5,0,40,50,D,Regular
1060962,12734.5,Lorraine,B3,6,6,44,50,D,Regular
35280,12696.8,Rhone-Alpes,B13,8,2,68,50,D,Regular
2130560,12676.87,Lorraine,B5,7,16,47,50,D,Regular
141468,12608.66,Rhone-Alpes,B1,7,4,60,52,D,Regular
138365,12604.29,Centre,B6,6,7,64,50,B,Diesel
6086905,12590.97,Basse-Normandie,B2,7,4,22,125,D,Regular
3897,12555.36,Provence-Alpes-Cotes-D'Azur,B12,4,0,43,50,E,Regular
1183746,12479.75,Rhone-Alpes,B1,6,7,69,85,E,Diesel
2121787,12378.38,Provence-Alpes-Cotes-D'Azur,B3,7,11,49,68,E,Diesel
3043479,12328.7,Provence-Alpes-Cotes-D'Azur,B13,8,1,66,50,C,Diesel
4169965,12316.0,Languedoc-Roussillon,B5,5,17,24,100,C,Diesel
1120706,12308.76,Rhone-Alpes,B1,7,4,39,50,E,Regular
69408,12297.64,Provence-Alpes-Cotes-D'Azur,B1,6,1,77,50,C,Regular
4139984,12289.6,Centre,B1,6,7,35,67,B,Regular
108054,12284.35,Aquitaine,B5,5,7,26,99,C,Diesel
1093658,12228.35,Lorraine,B2,5,15,60,50,D,Regular
2121470,12224.67,Rhone-Alpes,B10,10,0,57,68,E,Diesel
69268,12215.4,Provence-Alpes-Cotes-D'Azur,B2,9,7,32,50,C,Regular
3007703,12207.67,Languedoc-Roussillon,B12,7,5,27,76,D,Regular
3021379,12199.2,Languedoc-Roussillon,B12,7,10,50,90,C,Diesel
2112565,12177.24,Provence-Alpes-Cotes-D'Azur,B10,7,15,36,76,D,Diesel
2081344,12172.0,Provence-Alpes-Cotes-D'Azur,B2,4,12,39,50,E,Regular
37509,12142.1,Lorraine,B4,5,0,62,112,C,Diesel
2277883,12138.28,Centre,B1,7,4,36,68,E,Diesel
5083923,12136.0,Provence-Alpes-Cotes-D'Azur,B12,6,2,31,51,C,Diesel
1064294,12128.12,Rhone-Alpes,B2,4,15,65,50,D,Regular
1103597,12114.72,Provence-Alpes-Cotes-D'Azur,B1,4,11,29,125,D,Regular
2117280,12004.23,Alsace,B2,5,1,26,112,E,Diesel
1192483,12000.0,Provence-Alpes-Cotes-D'Azur,B2,5,1,50,50,E,Diesel
2226139,12000.0,Provence-Alpes-Cotes-D'Azur,B13,9,1,53,50,D,Regular
2062754,12000.0,Bretagne,B3,7,1,40,50,C,Diesel
1182106,12000.0,Provence-Alpes-Cotes-D'Azur,B5,10,12,40,50,E,Diesel
2277702,11995.35,Provence-Alpes-Cotes-D'Azur,B12,12,7,33,54,C,Diesel
75106,11983.03,Ile-de-France,B14,10,1,56,95,D,Diesel
4141751,11938.24,Rhone-Alpes,B2,6,10,26,85,E,Diesel
2112487,11936.45,Centre,B1,4,6,33,50,D,Regular
3108632,11877.08,Provence-Alpes-Cotes-D'Azur,B3,8,2,56,50,E,Regular
1099987,11780.96,Rhone-Alpes,B1,6,4,57,68,E,Diesel
2119709,11769.83,Centre,B5,4,15,49,50,A,Diesel
2062406,11715.01,Basse-Normandie,B1,7,6,48,50,C,Regular
1055933,11698.86,Rhone-Alpes,B1,8,3,37,50,E,Regular
2101818,11687.29,Aquitaine,B1,7,9,33,64,A,Regular
4182963,11602.0,Aquitaine,B11,7,12,42,50,C,Regular
1118729,11544.09,Pays-de-la-Loire,B1,6,8,21,100,C,Regular
2124305,11517.21,Picardie,B2,5,17,30,95,D,Regular
1022938,11513.11,Bretagne,B2,11,8,61,50,E,Regular
6093879,11500.0,Provence-Alpes-Cotes-D'Azur,B12,4,1,49,50,C,Diesel
2152336,11500.0,Centre,B11,7,8,28,85,C,Diesel
2121396,11500.0,Rhone-Alpes,B2,7,10,58,50,C,Diesel
1060612,11457.35,Aquitaine,B2,6,3,52,50,C,Regular
1081045,11452.54,Centre,B1,6,8,31,68,C,Diesel
2078213,11451.24,Rhone-Alpes,B6,5,3,49,50,C,Diesel
5062526,11403.27,Provence-Alpes-Cotes-D'Azur,B12,4,1,59,50,C,Diesel
1092867,11357.17,Rhone-Alpes,B13,9,7,58,50,C,Regular
4126085,11350.0,Lorraine,B3,6,12,61,50,C,Regular
91205,11281.23,Rhone-Alpes,B2,7,12,64,72,D,Diesel
2008505,11276.35,Ile-de-France,B12,5,2,27,95,A,Regular
2113087,11265.8,Picardie,B1,5,4,39,50,E,Regular
3181979,11213.52,Bretagne,B1,6,9,46,52,D,Regular
4133709,11204.0,Pays-de-la-Loire,B12,10,2,85,132,E,Regular
4151753,11204.0,Provence-Alpes-Cotes-D'Azur,B2,6,11,46,97,C,Diesel
1195380,11194.13,Nord-Pas-de-Calais,B1,7,9,32,57,E,Regular
1182054,11172.1,Languedoc-Roussillon,B1,4,9,49,76,C,Regular
1110175,11136.76,Rhone-Alpes,B5,4,7,23,95,E,Regular
5006707,11100.5,Languedoc-Roussillon,B2,5,4,31,80,C,Diesel
6071055,11051.7,Ile-de-France,B12,7,4,45,50,D,Diesel
1194971,11006.02,Centre,B5,7,3,31,68,A,Regular
2205196,11002.0,Bretagne,B1,5,2,53,60,B,Regular
3156444,11000.0,Nord-Pas-de-Calais,B13,5,10,44,50,D,Diesel
3144707,11000.0,Provence-Alpes-Cotes-D'Azur,B13,9,1,60,50,E,Regular
4145277,11000.0,Bretagne,B2,6,2,35,95,D,Diesel
1117961,11000.0,Rhone-Alpes,B10,8,2,35,54,D,Diesel
5032922,10935.51,Aquitaine,B12,4,2,48,50,B,Diesel
1106044,10902.21,Haute-Normandie,B1,5,7,49,50,C,Regular
2114622,10887.72,Rhone-Alpes,B2,6,10,69,62,E,Regular
132406,10861.74,Bretagne,B1,6,0,48,118,C,Regular
52386,10838.54,Centre,B1,7,10,39,64,C,Diesel
6107514,10825.0,Ile-de-France,B12,8,1,42,51,E,Diesel
2176178,10818.01,Centre,B1,6,6,51,50,A,Diesel
3162737,10811.7,Rhone-Alpes,B3,6,11,23,100,E,Diesel
1038364,10758.33,Centre,B1,6,7,30,80,B,Diesel
2164308,10740.03,Pays-de-la-Loire,B6,7,10,34,50,D,Regular
2212077,10713.16,Rhone-Alpes,B13,5,8,51,62,D,Diesel
3092078,10653.0,Centre,B2,6,10,54,50,A,Regular
2272894,10604.53,Aquitaine,B5,7,3,32,76,E,Regular
4174554,10584.92,Bretagne,B10,9,3,39,50,D,Diesel
3079521,10579.44,Bretagne,B10,10,19,71,69,A,Diesel
4132626,10496.37,Rhone-Alpes,B13,6,9,52,70,E,Diesel
3088814,10495.12,Centre,B2,6,6,50,50,C,Diesel
48723,10446.39,Bretagne,B1,7,11,28,62,C,Regular
3173203,10443.77,Provence-Alpes-Cotes-D'Azur,B2,7,7,45,50,D,Regular
2146473,10413.09,Provence-Alpes-Cotes-D'Azur,B2,6,8,23,95,C,Diesel
21155,10407.2,Centre,B2,4,10,78,50,A,Diesel
1179379,10407.07,Poitou-Charentes,B13,6,3,20,90,C,Diesel
2064511,10371.62,Centre,B1,5,1,69,50,A,Diesel
2141614,10346.77,Limousin,B3,4,12,38,50,C,Diesel
4132357,10339.54,Ile-de-France,B4,5,11,30,76,A,Diesel
4171053,10327.75,Centre,B2,6,10,49,50,C,Diesel
1136195,10298.77,Rhone-Alpes,B1,5,1,73,62,C,Diesel
6110575,10290.0,Nord-Pas-de-Calais,B12,12,2,44,50,D,Diesel
6082288,10290.0,Rhone-Alpes,B12,9,7,58,50,D,Regular
6059396,10290.0,Nord-Pas-de-Calais,B12,4,2,28,68,E,Regular
6100098,10290.0,Ile-de-France,B12,7,1,45,54,E,Diesel
6098565,10290.0,Aquitaine,B12,8,3,43,50,B,Diesel
6107374,10290.0,Provence-Alpes-Cotes-D'Azur,B12,4,4,68,50,C,Regular
6077039,10290.0,Rhone-Alpes,B12,8,4,50,50,C,Diesel
6113172,10290.0,Provence-Alpes-Cotes-D'Azur,B12,8,3,46,50,D,Diesel
6113834,10290.0,Poitou-Charentes,B12,15,3,36,50,C,Regular
4135981,10280.85,Provence-Alpes-Cotes-D'Azur,B6,5,6,33,50,E,Regular
1193095,10232.07,Languedoc-Roussillon,B1,6,0,43,50,E,Diesel
144421,10214.99,Centre,B2,5,9,35,54,B,Diesel
176239,10155.54,Centre,B2,5,9,20,50,A,Diesel
2129285,10152.45,Rhone-Alpes,B3,7,1,24,100,D,Regular
6059704,10123.19,Ile-de-France,B12,15,2,67,50,C,Diesel
1155904,10122.62,Centre,B2,8,18,35,55,A,Diesel
75953,10099.73,Rhone-Alpes,B1,6,6,47,75,D,Diesel
3043931,10093.13,Nord-Pas-de-Calais,B1,6,5,24,100,D,Diesel
3167194,10061.46,Provence-Alpes-Cotes-D'Azur,B2,5,15,33,75,E,Diesel
2224951,10059.92,Provence-Alpes-Cotes-D'Azur,B2,4,14,29,72,E,Regular
44662,10057.0,Rhone-Alpes,B3,7,13,46,62,E,Regular
137641,10022.81,Centre,B2,7,6,42,58,A,Diesel
1198171,10000.0,Midi-Pyrenees,B3,5,11,62,50,B,Regular
2223202,10000.0,Provence-Alpes-Cotes-D'Azur,B1,6,11,53,72,D,Diesel
2253899,10000.0,Provence-Alpes-Cotes-D'Azur,B1,5,7,61,50,E,Regular
2219808,10000.0,Provence-Alpes-Cotes-D'Azur,B1,7,9,53,50,C,Regular
2281286,10000.0,Provence-Alpes-Cotes-D'Azur,B2,5,0,52,55,B,Diesel
2289447,10000.0,Provence-Alpes-Cotes-D'Azur,B2,6,9,32,100,D,Regular
3247175,10000.0,Provence-Alpes-Cotes-D'Azur,B12,9,4,63,50,E,Diesel
2216168,10000.0,Centre,B2,7,18,62,68,E,Regular
2257841,10000.0,Midi-Pyrenees,B10,8,13,46,50,E,Diesel
2272263,10000.0,Nord-Pas-de-Calais,B2,7,15,47,50,D,Regular
2267489,10000.0,Languedoc-Roussillon,B5,5,4,71,75,D,Regular
2260482,10000.0,Provence-Alpes-Cotes-D'Azur,B2,5,9,40,57,D,Diesel
2083498,10000.0,Poitou-Charentes,B2,8,16,18,100,B,Regular
2275190,10000.0,Languedoc-Roussillon,B5,4,12,32,76,C,Regular
2282277,10000.0,Provence-Alpes-Cotes-D'Azur,B10,10,11,38,51,E,Diesel
2241683,10000.0,Languedoc-Roussillon,B1,4,12,52,50,D,Regular
2235158,10000.0,Auvergne,B3,10,0,42,72,D,Diesel
4186853,10000.0,Aquitaine,B1,5,3,56,50,E,Regular
2119535,10000.0,Ile-de-France,B2,4,11,20,90,D,Regular
2276782,10000.0,Provence-Alpes-Cotes-D'Azur,B5,4,15,61,85,D,Regular
3253481,10000.0,Provence-Alpes-Cotes-D'Azur,B2,6,11,32,106,D,Regular
1094053,10000.0,Provence-Alpes-Cotes-D'Azur,B1,4,2,41,59,E,Regular
3160635,10000.0,Provence-Alpes-Cotes-D'Azur,B2,4,5,37,82,E,Diesel
2280664,10000.0,Rhone-Alpes,B1,7,3,35,57,E,Diesel
3234075,10000.0,Provence-Alpes-Cotes-D'Azur,B2,5,10,39,60,E,Regular
3245252,10000.0,Lorraine,B2,8,1,55,50,C,Diesel
4161487,10000.0,Centre,B1,4,2,29,68,C,Diesel
2084522,10000.0,Centre,B2,6,6,59,81,D,Diesel
4156708,10000.0,Nord-Pas-de-Calais,B12,10,6,38,50,E,Diesel
1189539,10000.0,Rhone-Alpes,B1,5,0,19,100,B,Regular
2078498,10000.0,Rhone-Alpes,B2,4,11,38,55,E,Regular
2285876,10000.0,Provence-Alpes-Cotes-D'Azur,B1,4,4,58,54,B,Regular
2122521,9982.44,Centre,B11,7,10,63,50,D,Diesel
1104853,9976.32,Rhone-Alpes,B12,10,1,30,85,E,Diesel
1161649,9964.39,Pays-de-la-Loire,B2,6,3,26,72,C,Diesel
2136551,9963.24,Centre,B3,4,14,36,80,B,Diesel
3104752,9924.28,Poitou-Charentes,B4,4,7,59,54,D,Diesel
44539,9909.19,Rhone-Alpes,B11,11,0,51,76,E,Diesel
2156549,9901.03,Nord-Pas-de-Calais,B10,11,8,38,50,D,Regular
2012357,9892.41,Provence-Alpes-Cotes-D'Azur,B12,5,1,43,60,E,Regular
2141821,9888.84,Pays-de-la-Loire,B1,5,2,48,50,C,Diesel
6107867,9860.0,Provence-Alpes-Cotes-D'Azur,B12,4,1,35,54,D,Diesel
424,9844.36,Ile-de-France,B12,10,0,51,100,F,Regular
98477,9831.94,Rhone-Alpes,B3,5,3,19,95,B,Diesel
5018604,9806.0,Provence-Alpes-Cotes-D'Azur,B12,6,4,78,50,E,Diesel
5064881,9804.13,Bourgogne,B1,6,10,50,50,A,Diesel
3195631,9785.67,Bretagne,B3,9,10,56,50,E,Regular
2149890,9770.11,Provence-Alpes-Cotes-D'Azur,B2,6,0,63,50,B,Diesel
4140142,9756.5,Rhone-Alpes,B2,6,9,64,50,C,Diesel
3144600,9753.1,Provence-Alpes-Cotes-D'Azur,B2,5,2,72,62,D,Diesel
87092,9743.71,Aquitaine,B13,11,1,45,62,A,Diesel
4179590,9742.0,Centre,B13,6,6,44,62,A,Diesel
2191905,9726.82,Rhone-Alpes,B13,6,8,47,50,E,Regular
1173357,9713.75,Rhone-Alpes,B3,7,7,45,50,E,Diesel
1179582,9700.0,Rhone-Alpes,B1,5,9,34,112,B,Diesel
1101396,9692.83,Rhone-Alpes,B12,8,10,20,100,C,Regular
1188815,9691.87,Nord-Pas-de-Calais,B3,7,9,39,50,D,Regular
108186,9682.03,Provence-Alpes-Cotes-D'Azur,B3,5,1,69,57,E,Diesel
3148163,9642.54,Pays-de-la-Loire,B2,4,14,19,100,D,Diesel
3199013,9632.47,Bretagne,B2,5,3,72,50,C,Diesel
4179148,9573.59,Centre,B2,5,4,58,62,D,Diesel
1013558,9568.34,Nord-Pas-de-Calais,B12,6,1,49,50,D,Regular
2074426,9548.36,Lorraine,B1,4,5,57,50,D,Regular
74539,9528.67,Lorraine,B6,4,2,68,50,D,Regular
77767,9528.37,Nord-Pas-de-Calais,B1,6,2,35,50,D,Diesel
108786,9512.82,Centre,B3,7,1,31,60,A,Diesel
1198395,9500.0,Rhone-Alpes,B2,8,0,69,50,E,Diesel
1174984,9500.0,Pays-de-la-Loire,B3,5,6,48,62,C,Diesel
2218325,9456.02,Pays-de-la-Loire,B2,7,1,28,64,E,Regular
1058627,9449.31,Provence-Alpes-Cotes-D'Azur,B10,7,3,37,110,D,Regular
1111729,9427.17,Provence-Alpes-Cotes-D'Azur,B10,9,14,35,55,D,Diesel
4167405,9425.66,Provence-Alpes-Cotes-D'Azur,B1,5,3,42,62,D,Regular
5046827,9419.0,Corse,B12,11,1,63,50,D,Diesel
5031593,9387.19,Provence-Alpes-Cotes-D'Azur,B12,5,2,56,68,C,Diesel
3015817,9349.55,Midi-Pyrenees,B12,10,7,38,50,A,Diesel
2275282,9345.67,Rhone-Alpes,B2,8,1,41,65,B,Diesel
2115449,9334.65,Ile-de-France,B1,7,16,29,100,D,Regular
2107779,9330.43,Poitou-Charentes,B1,7,9,50,50,D,Diesel
152260,9315.49,Centre,B3,9,1,25,50,C,Regular
4007691,9275.71,Languedoc-Roussillon,B12,6,4,53,50,D,Regular
4156278,9263.4,Centre,B1,4,17,29,76,B,Regular
1183244,9260.57,Provence-Alpes-Cotes-D'Azur,B1,6,9,50,90,E,Diesel
2133366,9242.41,Centre,B2,7,14,19,100,D,Regular
2076306,9224.59,Provence-Alpes-Cotes-D'Azur,B1,6,3,47,50,E,Diesel
62312,9205.58,Rhone-Alpes,B11,7,2,29,57,B,Diesel
2285058,9202.1,Rhone-Alpes,B1,6,2,28,80,E,Regular
1001281,9189.47,Ile-de-France,B12,10,1,37,64,E,Diesel
1102537,9132.27,Centre,B1,7,13,50,67,C,Regular
2142843,9110.22,Centre,B2,5,1,70,50,B,Diesel
5075009,9110.0,Ile-de-France,B12,4,3,43,60,E,Regular
1062683,9098.12,Rhone-Alpes,B2,11,11,49,78,C,Regular
1188138,9064.65,Rhone-Alpes,B1,7,0,55,50,C,Regular
1065785,9056.8,Rhone-Alpes,B3,5,4,65,67,D,Diesel
2268195,9048.72,Centre,B12,9,6,37,64,C,Regular
2028881,9048.1,Provence-Alpes-Cotes-D'Azur,B12,11,1,39,95,A,Diesel
3127744,9040.2,Pays-de-la-Loire,B6,10,2,52,50,D,Regular
2269458,9000.0,Centre,B5,8,10,30,85,E,Regular
2025367,9000.0,Ile-de-France,B12,4,0,45,50,E,Regular
2256698,9000.0,Aquitaine,B2,7,4,54,80,C,Diesel
1196823,9000.0,Ile-de-France,B11,11,12,32,80,E,Regular
5014887,9000.0,Rhone-Alpes,B12,4,4,53,50,A,Regular
1060185,8985.65,Nord-Pas-de-Calais,B1,6,1,49,50,C,Diesel
4180637,8981.0,Centre,B1,6,15,44,50,E,Regular
3137389,8981.0,Rhone-Alpes,B2,8,5,38,77,D,Diesel
1040498,8968.8,Rhone-Alpes,B1,4,5,42,50,E,Regular
2115008,8933.21,Rhone-Alpes,B2,6,3,45,50,D,Regular
3011313,8931.25,Provence-Alpes-Cotes-D'Azur,B12,8,2,38,72,B,Regular
127009,8901.3,Centre,B2,13,1,86,62,B,Regular
6097178,8892.36,Ile-de-France,B12,7,4,25,85,E,Diesel
3234303,8889.74,Ile-de-France,B10,8,4,40,50,E,Diesel
4145380,8862.83,Rhone-Alpes,B1,11,28,38,61,D,Diesel
4166557,8861.5,Centre,B2,4,17,19,100,B,Regular
2051512,8860.0,Centre,B5,10,8,45,90,D,Diesel
2120180,8854.35,Aquitaine,B1,5,15,47,63,B,Regular
4159991,8843.26,Champagne-Ardenne,B1,7,14,56,62,B,Regular
3211010,8843.25,Provence-Alpes-Cotes-D'Azur,B13,13,2,65,52,E,Regular
78031,8836.53,Aquitaine,B1,5,7,28,71,E,Diesel
3158818,8804.0,Aquitaine,B2,5,15,52,50,C,Diesel
2163980,8779.77,Centre,B1,9,9,20,95,C,Regular
171487,8750.57,Rhone-Alpes,B3,5,5,27,85,D,Diesel
1119503,8750.45,Provence-Alpes-Cotes-D'Azur,B12,7,11,50,55,C,Regular
3111594,8750.2,Basse-Normandie,B1,5,2,74,50,D,Diesel
5078360,8749.09,Languedoc-Roussillon,B12,7,2,72,50,D,Regular
1111671,8722.06,Provence-Alpes-Cotes-D'Azur,B3,6,7,43,80,D,Diesel
2106535,8712.82,Bretagne,B3,9,8,26,85,E,Regular
4163744,8704.0,Centre,B1,6,7,45,50,E,Diesel
3082750,8702.83,Ile-de-France,B10,8,3,55,50,D,Diesel
61976,8682.4,Aquitaine,B5,5,9,44,78,D,Diesel
4148443,8676.01,Bretagne,B2,7,3,51,57,E,Regular
2122095,8672.0,Rhone-Alpes,B4,5,2,19,95,E,Regular
2188069,8657.07,Languedoc-Roussillon,B2,5,7,30,100,C,Diesel
4163288,8617.32,Provence-Alpes-Cotes-D'Azur,B1,5,8,21,100,E,Regular
3232763,8614.58,Provence-Alpes-Cotes-D'Azur,B1,5,4,33,60,C,Diesel
4133291,8606.27,Provence-Alpes-Cotes-D'Azur,B1,5,11,42,50,E,Regular
2239279,8596.96,Languedoc-Roussillon,B1,4,12,52,50,D,Regular
3107031,8590.75,Aquitaine,B10,9,1,47,76,E,Diesel
5076796,8573.66,Ile-de-France,B12,7,3,51,63,E,Diesel
3012967,8561.35,Ile-de-France,B12,4,2,71,60,E,Regular
2776,8561.02,Ile-de-France,B12,12,9,53,100,E,Regular
4141260,8542.68,Centre,B1,4,2,46,83,B,Diesel
2140396,8533.02,Provence-Alpes-Cotes-D'Azur,B2,11,8,32,64,E,Regular
3006849,8500.0,Corse,B1,7,6,44,51,B,Regular
2205133,8500.0,Rhone-Alpes,B1,5,6,53,51,D,Regular
1185779,8488.59,Midi-Pyrenees,B1,7,4,70,62,C,Diesel
45414,8464.25,Rhone-Alpes,B2,9,13,22,118,C,Regular
1079341,8461.01,Rhone-Alpes,B2,7,13,22,147,B,Regular
2093986,8448.85,Pays-de-la-Loire,B5,6,16,44,50,C,Regular
3142910,8421.93,Centre,B1,6,14,24,100,C,Regular
67315,8416.71,Provence-Alpes-Cotes-D'Azur,B4,6,1,31,76,C,Diesel
2109943,8415.28,Provence-Alpes-Cotes-D'Azur,B2,4,8,44,50,E,Regular
2136143,8402.21,Rhone-Alpes,B1,7,12,39,95,E,Regular
3051083,8395.03,Centre,B12,6,8,53,50,C,Regular
1013710,8390.0,Picardie,B2,7,6,25,80,C,Regular
2072160,8379.0,Bretagne,B2,5,5,77,50,C,Regular
2008127,8364.95,Rhone-Alpes,B4,4,2,57,50,D,Regular
32735,8363.96,Centre,B2,5,11,19,125,C,Regular
4123730,8356.45,Aquitaine,B2,4,9,50,68,D,Regular
3148343,8349.07,Provence-Alpes-Cotes-D'Azur,B12,10,8,51,50,D,Regular
38727,8348.92,Centre,B5,5,1,48,50,C,Regular
50909,8340.47,Centre,B2,6,10,25,118,C,Regular
1036695,8331.64,Centre,B12,9,8,40,90,B,Diesel
4038303,8330.25,Provence-Alpes-Cotes-D'Azur,B12,11,1,47,80,D,Diesel
2135511,8321.0,Centre,B2,7,7,67,50,D,Diesel
2189554,8319.57,Centre,B3,6,9,32,57,B,Diesel
5020434,8288.0,Corse,B12,11,3,55,50,B,Diesel
2055353,8285.37,Bretagne,B12,7,1,41,50,C,Diesel
1085134,8284.9,Centre,B2,5,2,30,80,C,Regular
1195113,8254.63,Aquitaine,B1,6,3,49,50,C,Diesel
3035989,8250.06,Rhone-Alpes,B12,6,1,39,100,E,Diesel
3077641,8250.0,Languedoc-Roussillon,B2,5,14,51,52,E,Diesel
4043263,8233.41,Bretagne,B12,8,0,47,50,D,Diesel
3115444,8208.98,Picardie,B2,6,10,72,68,B,Diesel
2183095,8205.69,Centre,B5,7,12,44,50,E,Regular
4156746,8204.0,Haute-Normandie,B2,7,3,39,50,B,Diesel
6057954,8202.86,Nord-Pas-de-Calais,B12,4,2,33,72,D,Diesel
83410,8195.22,Provence-Alpes-Cotes-D'Azur,B1,6,9,49,50,E,Diesel
5031352,8186.92,Rhone-Alpes,B12,10,4,33,100,D,Regular
2049386,8180.49,Pays-de-la-Loire,B11,7,4,62,50,D,Diesel
3151243,8180.33,Ile-de-France,B2,4,5,48,50,A,Diesel
2123785,8171.53,Bretagne,B5,4,17,21,100,C,Regular
114568,8169.67,Aquitaine,B5,5,9,40,80,C,Diesel
6017766,8166.0,Provence-Alpes-Cotes-D'Azur,B12,5,5,36,50,B,Regular
2287203,8158.13,Aquitaine,B2,5,1,32,51,E,Diesel
1114749,8157.47,Aquitaine,B5,9,7,80,50,C,Regular
1057380,8138.07,Bretagne,B6,4,5,44,58,D,Regular
1076016,8134.61,Rhone-Alpes,B4,7,8,52,58,E,Regular
1037377,8134.1,Ile-de-France,B1,7,7,53,50,A,Diesel
4170784,8103.19,Provence-Alpes-Cotes-D'Azur,B2,5,2,24,100,D,Diesel
1089592,8098.13,Aquitaine,B3,4,9,30,112,E,Regular
5037814,8098.07,Ile-de-France,B12,7,3,75,59,F,Diesel
1091784,8092.47,Rhone-Alpes,B3,4,11,42,95,C,Regular
3165391,8076.01,Rhone-Alpes,B2,7,15,44,100,D,Regular
4127697,8073.61,Basse-Normandie,B1,7,17,28,85,A,Regular
4132344,8073.11,Ile-de-France,B2,7,6,53,50,D,Regular
3129256,8065.45,Rhone-Alpes,B11,9,8,22,100,E,Regular
5096053,8036.25,Rhone-Alpes,B2,7,15,20,100,A,Regular
5074924,8033.42,Auvergne,B12,6,4,50,50,B,Diesel
35295,8009.82,Rhone-Alpes,B2,7,10,53,85,E,Diesel
2277213,8000.0,Provence-Alpes-Cotes-D'Azur,B12,12,6,49,50,E,Diesel
2247970,8000.0,Rhone-Alpes,B2,8,16,25,85,B,Regular
5071958,8000.0,Ile-de-France,B12,4,3,35,50,E,Regular
3253234,8000.0,Languedoc-Roussillon,B1,4,13,53,50,D,Regular
2257964,8000.0,Provence-Alpes-Cotes-D'Azur,B1,5,8,38,57,E,Regular
1194587,8000.0,Provence-Alpes-Cotes-D'Azur,B2,6,12,39,50,E,Regular
1119652,8000.0,Provence-Alpes-Cotes-D'Azur,B2,8,6,41,50,E,Diesel
3171322,7972.64,Bretagne,B6,10,2,54,60,E,Regular
3060142,7940.38,Centre,B1,6,2,66,50,C,Regular
1061323,7935.43,Lorraine,B3,5,2,33,51,C,Regular
166390,7927.35,Bretagne,B1,6,9,24,95,C,Diesel
4024700,7920.0,Bourgogne,B12,6,7,44,50,B,Diesel
23528,7902.51,Centre,B1,6,10,63,50,D,Diesel
4181765,7894.25,Rhone-Alpes,B3,4,2,19,118,D,Regular
84175,7890.08,Limousin,B1,6,5,34,50,A,Diesel
2087311,7888.08,Provence-Alpes-Cotes-D'Azur,B2,7,11,54,50,E,Diesel
3146471,7886.35,Provence-Alpes-Cotes-D'Azur,B12,6,1,62,50,C,Diesel
3059615,7800.0,Centre,B3,7,4,59,50,E,Regular
117393,7793.63,Centre,B3,5,0,27,61,D,Diesel
97593,7790.74,Centre,B2,6,7,24,120,B,Diesel
1009054,7787.05,Provence-Alpes-Cotes-D'Azur,B12,4,1,30,95,C,Regular
3074474,7777.0,Lorraine,B5,7,7,78,50,D,Regular
4146824,7777.0,Picardie,B10,7,1,46,50,C,Diesel
4154954,7777.0,Poitou-Charentes,B10,9,20,34,80,D,Regular
3097214,7777.0,Nord-Pas-de-Calais,B6,4,10,54,63,D,Regular
3165004,7777.0,Centre,B1,4,3,43,54,C,Regular
3072965,7777.0,Provence-Alpes-Cotes-D'Azur,B1,4,11,60,50,E,Regular
4157894,7777.0,Rhone-Alpes,B5,7,13,41,112,C,Regular
4157745,7777.0,Centre,B1,9,1,49,60,A,Diesel
4187660,7777.0,Bretagne,B12,6,8,61,50,E,Diesel
3068697,7777.0,Ile-de-France,B2,5,2,32,51,E,Diesel
4155100,7777.0,Bourgogne,B2,7,14,30,60,C,Regular
4151446,7777.0,Nord-Pas-de-Calais,B1,6,10,39,68,B,Diesel
4123133,7777.0,Provence-Alpes-Cotes-D'Azur,B2,6,11,54,50,C,Diesel
3057349,7768.48,Poitou-Charentes,B2,7,20,44,80,B,Regular
2085501,7767.63,Provence-Alpes-Cotes-D'Azur,B2,6,3,52,50,D,Diesel
1112093,7746.01,Picardie,B11,7,15,24,80,E,Diesel
1060002,7735.12,Pays-de-la-Loire,B3,5,3,37,100,D,Diesel
5056636,7719.41,Ile-de-France,B12,6,9,26,80,D,Diesel
3243807,7715.19,Provence-Alpes-Cotes-D'Azur,B1,7,2,51,50,E,Regular
6113501,7700.0,Provence-Alpes-Cotes-D'Azur,B12,4,1,35,50,E,Regular
6044592,7700.0,Bretagne,B12,4,2,63,50,C,Regular
6094172,7700.0,Ile-de-France,B1,7,3,67,50,E,Diesel
6100957,7700.0,Ile-de-France,B12,10,4,34,76,F,Regular
6113271,7700.0,Ile-de-France,B12,8,0,34,60,E,Regular
4152341,7700.0,Nord-Pas-de-Calais,B2,8,2,31,50,D,Regular
6090939,7700.0,Provence-Alpes-Cotes-D'Azur,B3,4,3,22,95,C,Diesel
5018634,7697.78,Nord-Pas-de-Calais,B12,6,4,44,51,E,Regular
3117868,7662.03,Centre,B2,7,14,49,50,B,Diesel
5055342,7652.15,Basse-Normandie,B12,10,10,60,50,D,Regular
2190286,7625.0,Centre,B1,6,8,61,55,D,Diesel
23422,7622.45,Centre,B10,5,1,54,50,E,Diesel
3018039,7620.85,Lorraine,B12,7,2,54,50,D,Diesel
4020812,7620.0,Ile-de-France,B12,8,2,53,52,F,Diesel
3107845,7598.0,Poitou-Charentes,B2,8,4,45,52,D,Diesel
1160651,7592.43,Rhone-Alpes,B1,10,7,54,50,A,Diesel
1117225,7591.99,Centre,B2,5,16,19,63,A,Diesel
3092008,7564.91,Bourgogne,B2,7,3,56,62,B,Regular
1140390,7551.98,Ile-de-France,B4,10,11,51,85,E,Regular
1007392,7525.61,Champagne-Ardenne,B3,6,3,23,80,E,Regular
159787,7509.92,Ile-de-France,B13,12,10,44,50,D,Regular
72156,7501.11,Pays-de-la-Loire,B6,10,1,53,50,D,Regular
2225849,7500.0,Provence-Alpes-Cotes-D'Azur,B1,6,14,46,54,E,Regular
4030710,7492.43,Ile-de-France,B12,12,5,59,76,F,Diesel
3172392,7492.0,Pays-de-la-Loire,B2,8,0,56,50,B,Diesel
6018854,7490.0,Franche-Comte,B12,7,6,68,50,A,Diesel
6006882,7490.0,Provence-Alpes-Cotes-D'Azur,B12,6,6,53,50,E,Regular
6050416,7490.0,Rhone-Alpes,B12,10,2,49,50,D,Regular
6065286,7490.0,Ile-de-France,B12,5,2,33,61,F,Regular
6111342,7490.0,Rhone-Alpes,B12,7,9,24,76,E,Regular
6059824,7490.0,Provence-Alpes-Cotes-D'Azur,B12,5,2,48,64,D,Regular
6106057,7490.0,Provence-Alpes-Cotes-D'Azur,B12,4,1,43,50,D,Regular
2097394,7475.48,Rhone-Alpes,B1,7,2,36,95,D,Diesel
1040780,7469.94,Rhone-Alpes,B4,7,4,52,50,D,Regular
1040757,7448.51,Rhone-Alpes,B1,6,5,33,62,C,Diesel
4121099,7429.07,Centre,B6,5,5,49,50,C,Diesel
4158237,7410.0,Aquitaine,B1,8,16,52,50,C,Diesel
3185479,7403.37,Bretagne,B2,4,5,66,58,C,Regular
5005476,7380.0,Provence-Alpes-Cotes-D'Azur,B12,6,5,77,50,E,Regular
1112055,7308.68,Picardie,B2,8,3,53,55,D,Diesel
1059802,7293.16,Centre,B5,5,14,46,100,A,Regular
1187905,7262.82,Provence-Alpes-Cotes-D'Azur,B10,8,8,38,60,E,Diesel
71345,7260.08,Nord-Pas-de-Calais,B1,7,3,32,76,C,Regular
4085358,7250.0,Pays-de-la-Loire,B12,4,1,71,50,A,Regular
1160217,7234.35,Aquitaine,B2,11,11,54,77,C,Regular
1177078,7208.85,Rhone-Alpes,B1,5,8,53,50,E,Diesel
4134872,7204.0,Centre,B1,7,18,44,62,E,Regular
4006737,7199.69,Provence-Alpes-Cotes-D'Azur,B12,7,4,68,50,D,Diesel
2263816,7197.26,Languedoc-Roussillon,B1,5,7,45,52,D,Regular
4146775,7182.25,Picardie,B3,14,8,29,64,E,Regular
2049810,7172.0,Centre,B2,6,5,75,50,A,Diesel
2134751,7172.0,Provence-Alpes-Cotes-D'Azur,B4,5,9,42,50,D,Diesel
64533,7171.56,Languedoc-Roussillon,B11,10,2,33,55,E,Diesel
2266330,7170.57,Languedoc-Roussillon,B1,11,4,50,50,B,Diesel
18844,7165.1,Centre,B2,4,4,75,50,C,Regular
4136804,7162.06,Rhone-Alpes,B1,7,6,43,50,E,Diesel
3167669,7156.19,Rhone-Alpes,B1,6,6,30,50,E,Diesel
56254,7154.23,Ile-de-France,B2,7,11,70,50,F,Regular
1141656,7145.0,Centre,B4,4,2,46,67,A,Regular
166702,7142.95,Rhone-Alpes,B2,6,5,30,80,E,Diesel
6059598,7140.0,Ile-de-France,B12,4,2,39,95,E,Diesel
6037696,7140.0,Nord-Pas-de-Calais,B12,7,3,40,57,C,Diesel
6084271,7140.0,Ile-de-France,B12,7,1,59,50,E,Diesel
6101235,7140.0,Aquitaine,B12,4,2,30,80,E,Regular
6111107,7140.0,Rhone-Alpes,B12,4,1,27,85,E,Regular
6048801,7140.0,Provence-Alpes-Cotes-D'Azur,B12,9,2,43,50,E,Regular
6050387,7140.0,Provence-Alpes-Cotes-D'Azur,B12,11,2,33,59,C,Diesel
6096076,7140.0,Ile-de-France,B12,8,1,45,50,F,Regular
6009026,7140.0,Provence-Alpes-Cotes-D'Azur,B12,9,3,83,50,E,Regular
6002591,7140.0,Picardie,B12,6,9,45,50,E,Diesel
69413,7135.16,Provence-Alpes-Cotes-D'Azur,B3,6,3,34,50,C,Regular
1119586,7128.12,Provence-Alpes-Cotes-D'Azur,B3,5,3,52,50,D,Diesel
1073025,7128.0,Provence-Alpes-Cotes-D'Azur,B4,7,10,39,50,E,Regular
5046827,7110.0,Corse,B12,11,1,63,50,D,Diesel
24445,7083.38,Centre,B13,11,11,46,62,C,Regular
1085537,7061.36,Rhone-Alpes,B13,6,5,34,112,E,Diesel
3130447,7057.8,Provence-Alpes-Cotes-D'Azur,B3,5,2,46,52,E,Regular
1007506,7056.45,Languedoc-Roussillon,B12,6,1,55,50,C,Regular
5058975,7042.0,Provence-Alpes-Cotes-D'Azur,B12,4,2,31,59,D,Diesel
1185616,7040.79,Haute-Normandie,B1,4,0,57,51,E,Regular
2177821,7031.31,Rhone-Alpes,B2,6,11,52,55,C,Regular
84060,7027.57,Limousin,B3,5,1,37,61,C,Diesel
3169022,7019.5,Provence-Alpes-Cotes-D'Azur,B1,5,0,29,60,E,Regular
156596,7019.06,Bretagne,B6,6,2,44,50,C,Diesel
1134409,7018.84,Poitou-Charentes,B2,10,14,35,64,A,Diesel
4011494,7018.71,Provence-Alpes-Cotes-D'Azur,B12,11,1,40,50,C,Regular
148772,7006.47,Centre,B3,6,6,29,64,A,Diesel
4041419,7000.0,Auvergne,B12,7,1,41,50,A,Diesel
2279323,7000.0,Centre,B2,4,16,39,95,E,Regular
2282199,7000.0,Languedoc-Roussillon,B1,7,3,52,50,B,Diesel
6011615,7000.0,Provence-Alpes-Cotes-D'Azur,B12,9,8,62,50,D,Regular
6077185,7000.0,Ile-de-France,B12,7,4,50,50,E,Diesel
6108053,7000.0,Ile-de-France,B12,4,1,26,80,E,Regular
2253899,7000.0,Provence-Alpes-Cotes-D'Azur,B1,5,7,61,50,E,Regular
5018634,7000.0,Nord-Pas-de-Calais,B12,6,4,44,51,E,Regular
5012369,7000.0,Rhone-Alpes,B12,12,4,58,50,E,Diesel
5046256,7000.0,Provence-Alpes-Cotes-D'Azur,B12,7,2,35,68,B,Regular
2272900,7000.0,Provence-Alpes-Cotes-D'Azur,B2,4,14,40,50,E,Regular
1186304,7000.0,Languedoc-Roussillon,B2,5,0,40,50,C,Diesel
6090052,7000.0,Pays-de-la-Loire,B3,6,1,22,95,E,Diesel
6060627,7000.0,Bourgogne,B2,5,6,62,64,D,Diesel
6084909,7000.0,Ile-de-France,B12,10,3,59,50,E,Regular
6066766,7000.0,Provence-Alpes-Cotes-D'Azur,B12,4,4,30,95,C,Diesel
2272505,7000.0,Languedoc-Roussillon,B1,6,12,32,90,C,Diesel
5107058,7000.0,Limousin,B12,8,0,31,68,D,Diesel
5091766,7000.0,Lorraine,B12,8,0,36,50,D,Regular
5093881,7000.0,Provence-Alpes-Cotes-D'Azur,B12,4,0,48,50,C,Diesel
5088156,7000.0,Corse,B2,6,7,52,50,D,Diesel
4012525,7000.0,Poitou-Charentes,B12,5,2,58,50,D,Diesel
5032664,7000.0,Rhone-Alpes,B12,12,6,41,50,E,Diesel
5075667,7000.0,Ile-de-France,B12,7,8,75,63,E,Regular
1190233,7000.0,Provence-Alpes-Cotes-D'Azur,B11,11,7,42,50,E,Regular
6085080,7000.0,Ile-de-France,B12,6,6,40,60,E,Diesel
6064145,7000.0,Ile-de-France,B12,7,2,74,50,D,Diesel
6085695,7000.0,Languedoc-Roussillon,B12,11,3,42,50,C,Diesel
5018667,7000.0,Lorraine,B2,6,1,60,50,D,Diesel
1191486,7000.0,Provence-Alpes-Cotes-D'Azur,B1,6,13,29,57,D,Diesel
2266729,7000.0,Languedoc-Roussillon,B2,6,2,48,50,C,Diesel
1187247,7000.0,Ile-de-France,B3,9,9,60,50,E,Regular
6006882,7000.0,Provence-Alpes-Cotes-D'Azur,B12,6,6,53,50,E,Regular
5091531,7000.0,Provence-Alpes-Cotes-D'Azur,B3,6,4,24,76,C,Diesel
5093916,7000.0,Ile-de-France,B12,5,5,35,76,E,Regular
6038614,7000.0,Bourgogne,B12,6,2,52,50,C,Diesel
1192398,7000.0,Provence-Alpes-Cotes-D'Azur,B3,6,9,55,51,D,Diesel
2263634,7000.0,Midi-Pyrenees,B2,5,5,46,50,C,Regular
1198678,7000.0,Rhone-Alpes,B3,7,11,54,54,E,Regular
4144460,6999.3,Centre,B3,6,8,49,62,A,Regular
2137247,6997.2,Rhone-Alpes,B1,6,8,34,57,E,Diesel
6094815,6978.84,Nord-Pas-de-Calais,B12,4,1,55,72,E,Diesel
2115949,6960.0,Centre,B2,7,1,40,62,C,Regular
78342,6941.2,Centre,B1,4,2,39,60,D,Regular
2225724,6939.28,Nord-Pas-de-Calais,B13,11,2,35,50,E,Diesel
3114873,6926.33,Rhone-Alpes,B1,9,15,40,51,E,Regular
2016467,6921.1,Rhone-Alpes,B12,7,0,54,50,C,Diesel
2285319,6916.04,Provence-Alpes-Cotes-D'Azur,B5,5,2,34,60,D,Regular
2071184,6908.77,Rhone-Alpes,B5,5,3,79,50,E,Regular
54660,6880.06,Centre,B2,6,2,26,80,A,Diesel
108363,6876.8,Centre,B6,5,9,39,90,D,Diesel
3153424,6867.11,Centre,B10,10,1,50,50,A,Diesel
5097066,6862.0,Ile-de-France,B12,6,7,21,100,F,Regular
1079077,6861.32,Rhone-Alpes,B2,7,14,36,118,E,Regular
1181710,6860.21,Midi-Pyrenees,B1,5,6,75,57,D,Regular
1181044,6860.21,Aquitaine,B2,5,10,50,50,D,Diesel
1180610,6860.21,Provence-Alpes-Cotes-D'Azur,B1,4,6,61,50,E,Regular
1194722,6860.21,Provence-Alpes-Cotes-D'Azur,B11,7,7,56,50,D,Regular
1122466,6859.56,Provence-Alpes-Cotes-D'Azur,B13,10,7,29,95,E,Regular
164109,6859.5,Centre,B1,6,4,54,50,D,Diesel
3163184,6848.87,Rhone-Alpes,B5,8,2,38,80,D,Regular
76292,6834.99,Rhone-Alpes,B2,4,2,39,125,C,Regular
6108053,6827.39,Ile-de-France,B12,4,1,26,80,E,Regular
5006168,6821.81,Provence-Alpes-Cotes-D'Azur,B12,10,5,47,125,C,Diesel
1097877,6820.0,Centre,B5,4,9,20,95,C,Regular
3076105,6807.86,Provence-Alpes-Cotes-D'Azur,B3,4,11,36,50,E,Regular
4048632,6805.57,Aquitaine,B11,7,6,23,85,D,Diesel
1186095,6800.0,Languedoc-Roussillon,B12,6,0,64,50,A,Regular
176049,6779.79,Bretagne,B2,7,4,61,50,D,Diesel
1180781,6734.3,Midi-Pyrenees,B1,5,3,36,50,A,Diesel
3149708,6709.75,Rhone-Alpes,B1,4,21,45,95,E,Regular
4122067,6698.08,Centre,B2,5,5,79,50,A,Diesel
5056636,6695.38,Ile-de-France,B12,6,9,26,80,D,Diesel
1189553,6693.26,Rhone-Alpes,B2,7,7,37,64,D,Diesel
3240905,6688.52,Provence-Alpes-Cotes-D'Azur,B2,10,6,50,85,E,Regular
